"Adresse e-mail professionnelle","Titre du poste","Membre du département","Téléphone professionnel","Nom de l'employé"
"abigail.peterson39@example.com","Consultant","","(482)-233-3393","Abigail Peterson"
"anita.oliver32@example.com","Experienced Developer","","(538)-497-4804","Anita Oliver"
"audrey.peterson25@example.com","Consultant","","(203)-276-7903","Audrey Peterson"
"beth.evans77@example.com","Experienced Developer","","(754)-532-3841","Beth Evans"
"doris.cole31@example.com","Consultant","","(883)-331-5378","Doris Cole"
"eli.lambert22@example.com","Marketing and Community Manager","","(644)-169-1352","Eli Lambert"
"ernest.reed47@example.com","Consultant","","(944)-518-8232","Ernest Reed"
"jeffrey.kelly72@example.com","Marketing and Community Manager","","(916)-264-7362","Jeffrey Kelly"
"jennie.fletcher76@example.com","Experienced Developer","","(157)-363-8229","Jennie Fletcher"
"keith.byrd52@example.com","Experienced Developer","","(449)-505-5146","Keith Byrd"
"mark.brown23@example.com","Experienced Developer","","'+3281813700","Marc Demo"
"admin@yourcompany.example.com","Chief Executive Officer","True","(237)-125-2389","Mitchell Admin"
"paul.williams59@example.com","Experienced Developer","","(114)-262-1607","Paul Williams"
"jod@odoo.com","Marketing and Community Manager","","(206)-267-3735","Rachel Perry"
"randall.lewis74@example.com","Experienced Developer","","(332)-775-6660","Randall Lewis"
"ronnie.hart87@example.com","Chief Technical Officer","","(376)-310-7863","Ronnie Hart"
"sharlene.rhodes49@example.com","Experienced Developer","True","(450)-719-4182","Sharlene Rhodes"
"tina.williamson98@example.com","Human Resources Manager","","(360)-694-7266","Tina Williamson"
"toni.jimenez23@example.com","Consultant","","(663)-707-8451","Toni Jimenez"
"walter.horton80@example.com","Experienced Developer","","(350)-912-1201","Walter Horton"
